{
  "baseline": {
    "devOps": 40473,
    "devRel": 1,
    "perfOps": 40473,
    "perfRel": 1
  },
  "ecs-benchmark/packed1": {
    "devOps": 6404,
    "devRel": 0.1582289427519581,
    "perfOps": 118625,
    "perfRel": 2.930966323227831
  },
  "ecs-benchmark/packed5": {
    "devOps": 6285,
    "devRel": 0.15528871099251354,
    "perfOps": 111484,
    "perfRel": 2.7545277098312457
  },
  "ecs-benchmark/simpleIter": {
    "devOps": 1013,
    "devRel": 0.025029031700145775,
    "perfOps": 63989,
    "perfRel": 1.5739128295946478
  },
  "ecs-benchmark/fragIter": {
    "devOps": 12294,
    "devRel": 0.3037580609295086,
    "perfOps": 217710,
    "perfRel": 5.379141649988881
  },
  "ecs-benchmark/entityCycle": {
    "devOps": 450,
    "devRel": 0.0111185234600845,
    "perfOps": 2148,
    "perfRel": 0.053072418649470016
  },
  "ecs-benchmark/addRemove": {
    "devOps": 1544,
    "devRel": 0.03814888938304549,
    "perfOps": 12694,
    "perfRel": 0.31364119289402814
  },
  "ecs-packed/packed1": {
    "devOps": 6161,
    "devRel": 0.15222494008351248,
    "perfOps": 76618,
    "perfRel": 1.8930645121438985
  },
  "ecs-packed/packed5": {
    "devOps": 5746,
    "devRel": 0.14197119067032343,
    "perfOps": 73272,
    "perfRel": 1.8103921132606924
  },
  "ecs-packed/simpleIter": {
    "devOps": 1022,
    "devRel": 0.025251402169347466,
    "perfOps": 44257,
    "perfRel": 1.093494428384355
  },
  "ecs-packed/fragIter": {
    "devOps": 11834,
    "devRel": 0.2923924591703111,
    "perfOps": 141792,
    "perfRel": 3.503372618782892
  },
  "ecs-packed/entityCycle": {
    "devOps": 418,
    "devRel": 0.010327872902922936,
    "perfOps": 2031,
    "perfRel": 0.05018160254984805
  },
  "ecs-packed/addRemove": {
    "devOps": 1509,
    "devRel": 0.037284115336150024,
    "perfOps": 12122,
    "perfRel": 0.29950831418476515
  },
  "ecs-packed-elastic/packed1": {
    "devOps": 5729,
    "devRel": 0.14155115756183134,
    "perfOps": 46112,
    "perfRel": 1.1393274528698145
  },
  "ecs-packed-elastic/packed5": {
    "devOps": 5557,
    "devRel": 0.13730141081708794,
    "perfOps": 48344,
    "perfRel": 1.1944753292318335
  },
  "ecs-packed-elastic/simpleIter": {
    "devOps": 996,
    "devRel": 0.024608998591653695,
    "perfOps": 24256,
    "perfRel": 0.5993131223284659
  },
  "ecs-packed-elastic/fragIter": {
    "devOps": 11718,
    "devRel": 0.2882231404958678,
    "perfOps": 92841,
    "perfRel": 2.2938996367949005
  },
  "ecs-packed-elastic/entityCycle": {
    "devOps": 422,
    "devRel": 0.010426704222568133,
    "perfOps": 1963,
    "perfRel": 0.04850147011587972
  },
  "ecs-packed-elastic/addRemove": {
    "devOps": 1533,
    "devRel": 0.0378771032540212,
    "perfOps": 12085,
    "perfRel": 0.2985941244780471
  }
}
