{
  "baseline": {
    "devOps": 39781,
    "devRel": 1,
    "perfOps": 39781,
    "perfRel": 1
  },
  "ecs-benchmark/packed1": {
    "devOps": 6041,
    "devRel": 0.1518564138659159,
    "perfOps": 113298,
    "perfRel": 2.8480430356200195
  },
  "ecs-benchmark/packed5": {
    "devOps": 5918,
    "devRel": 0.1487644855584324,
    "perfOps": 108780,
    "perfRel": 2.7344712299841634
  },
  "ecs-benchmark/simpleIter": {
    "devOps": 1185,
    "devRel": 0.02978808979160906,
    "perfOps": 60379,
    "perfRel": 1.517784872175159
  },
  "ecs-benchmark/fragIter": {
    "devOps": 11569,
    "devRel": 0.29081722430305923,
    "perfOps": 209301,
    "perfRel": 5.261330786053644
  },
  "ecs-benchmark/entityCycle": {
    "devOps": 265,
    "devRel": 0.006661471556773334,
    "perfOps": 2088,
    "perfRel": 0.05248736834167065
  },
  "ecs-benchmark/addRemove": {
    "devOps": 1413,
    "devRel": 0.03551946909328574,
    "perfOps": 9882,
    "perfRel": 0.24841004499635505
  },
  "ecs-packed/packed1": {
    "devOps": 6065,
    "devRel": 0.14941735852775245,
    "perfOps": 74164,
    "perfRel": 1.864307081269953
  },
  "ecs-packed/packed5": {
    "devOps": 5448,
    "devRel": 0.13694980015585329,
    "perfOps": 71544,
    "perfRel": 1.762558202557217
  },
  "ecs-packed/simpleIter": {
    "devOps": 1097,
    "devRel": 0.027025695351186225,
    "perfOps": 43487,
    "perfRel": 1.0931600512807622
  },
  "ecs-packed/fragIter": {
    "devOps": 11312,
    "devRel": 0.28435685377441494,
    "perfOps": 138245,
    "perfRel": 3.47515145421181
  },
  "ecs-packed/entityCycle": {
    "devOps": 264,
    "devRel": 0.006636333928257208,
    "perfOps": 1986,
    "perfRel": 0.049923330233025816
  },
  "ecs-packed/addRemove": {
    "devOps": 1397,
    "devRel": 0.03511726703702773,
    "perfOps": 8962,
    "perfRel": 0.22528342676151933
  },
  "ecs-packed-elastic/packed1": {
    "devOps": 5688,
    "devRel": 0.14298283099972348,
    "perfOps": 48566,
    "perfRel": 1.220834066514165
  },
  "ecs-packed-elastic/packed5": {
    "devOps": 5651,
    "devRel": 0.14205273874462684,
    "perfOps": 47182,
    "perfRel": 1.1860435886478469
  },
  "ecs-packed-elastic/simpleIter": {
    "devOps": 1006,
    "devRel": 0.025288454287222543,
    "perfOps": 23475,
    "perfRel": 0.5901058294160529
  },
  "ecs-packed-elastic/fragIter": {
    "devOps": 10818,
    "devRel": 0.27193886528744876,
    "perfOps": 90602,
    "perfRel": 2.2775194188180286
  },
  "ecs-packed-elastic/entityCycle": {
    "devOps": 265,
    "devRel": 0.006661471556773334,
    "perfOps": 1956,
    "perfRel": 0.04916920137754204
  },
  "ecs-packed-elastic/addRemove": {
    "devOps": 1418,
    "devRel": 0.03564515723586637,
    "perfOps": 9094,
    "perfRel": 0.22860159372564792
  }
}
