{
  "baseline": {
    "devOps": 40591,
    "devRel": 1,
    "perfOps": 40591,
    "perfRel": 1
  },
  "ecs-benchmark/packed1": {
    "devOps": 6293,
    "devRel": 0.15503436722426153,
    "perfOps": 114020,
    "perfRel": 2.8089970683156364
  },
  "ecs-benchmark/packed5": {
    "devOps": 5937,
    "devRel": 0.14626395013672983,
    "perfOps": 109080,
    "perfRel": 2.6872952132246066
  },
  "ecs-benchmark/simpleIter": {
    "devOps": 1156,
    "devRel": 0.02847921953142322,
    "perfOps": 62824,
    "perfRel": 1.5477322559187998
  },
  "ecs-benchmark/fragIter": {
    "devOps": 12096,
    "devRel": 0.2979970929516395,
    "perfOps": 208960,
    "perfRel": 5.147939198344461
  },
  "ecs-benchmark/entityCycle": {
    "devOps": 589,
    "devRel": 0.014510605799315119,
    "perfOps": 2001,
    "perfRel": 0.049296642112783624
  },
  "ecs-benchmark/addRemove": {
    "devOps": 1464,
    "devRel": 0.03606710847232145,
    "perfOps": 10021,
    "perfRel": 0.24687738661279593
  },
  "ecs-packed/packed1": {
    "devOps": 6065,
    "devRel": 0.14941735852775245,
    "perfOps": 73320,
    "perfRel": 1.8063117439826561
  },
  "ecs-packed/packed5": {
    "devOps": 5820,
    "devRel": 0.14338153777931067,
    "perfOps": 71544,
    "perfRel": 1.762558202557217
  },
  "ecs-packed/simpleIter": {
    "devOps": 1097,
    "devRel": 0.027025695351186225,
    "perfOps": 42711,
    "perfRel": 1.0522283264763126
  },
  "ecs-packed/fragIter": {
    "devOps": 11091,
    "devRel": 0.2732379098815008,
    "perfOps": 138079,
    "perfRel": 3.4017146658126185
  },
  "ecs-packed/entityCycle": {
    "devOps": 568,
    "devRel": 0.013993249735162968,
    "perfOps": 2003,
    "perfRel": 0.04934591411889335
  },
  "ecs-packed/addRemove": {
    "devOps": 1385,
    "devRel": 0.03412086423098717,
    "perfOps": 9332,
    "perfRel": 0.22990318050799438
  },
  "ecs-packed-elastic/packed1": {
    "devOps": 5986,
    "devRel": 0.14747111428641818,
    "perfOps": 48391,
    "perfRel": 1.1921608238279422
  },
  "ecs-packed-elastic/packed5": {
    "devOps": 5869,
    "devRel": 0.14458870192899903,
    "perfOps": 47594,
    "perfRel": 1.1725259293932153
  },
  "ecs-packed-elastic/simpleIter": {
    "devOps": 1035,
    "devRel": 0.02549826316178463,
    "perfOps": 23940,
    "perfRel": 0.5897859131334532
  },
  "ecs-packed-elastic/fragIter": {
    "devOps": 11124,
    "devRel": 0.27405089798231136,
    "perfOps": 91478,
    "perfRel": 2.2536522874528835
  },
  "ecs-packed-elastic/entityCycle": {
    "devOps": 556,
    "devRel": 0.013697617698504595,
    "perfOps": 1936,
    "perfRel": 0.04769530191421744
  },
  "ecs-packed-elastic/addRemove": {
    "devOps": 1367,
    "devRel": 0.033677416175999605,
    "perfOps": 9242,
    "perfRel": 0.22768594023305658
  }
}