{
  "baseline": {
    "devOps": 40506,
    "devRel": 1,
    "perfOps": 40506,
    "perfRel": 1
  },
  "ecs-benchmark/packed1": {
    "devOps": 6239,
    "devRel": 0.15402656396583222,
    "perfOps": 114911,
    "perfRel": 2.836888362217943
  },
  "ecs-benchmark/packed5": {
    "devOps": 6144,
    "devRel": 0.15168123241001333,
    "perfOps": 109902,
    "perfRel": 2.7132276699748186
  },
  "ecs-benchmark/simpleIter": {
    "devOps": 1177,
    "devRel": 0.02905742359156668,
    "perfOps": 62665,
    "perfRel": 1.5470547573199032
  },
  "ecs-benchmark/fragIter": {
    "devOps": 12064,
    "devRel": 0.2978324198884116,
    "perfOps": 208972,
    "perfRel": 5.159038167185108
  },
  "ecs-benchmark/entityCycle": {
    "devOps": 561,
    "devRel": 0.01384980002962524,
    "perfOps": 2072,
    "perfRel": 0.05115291561743939
  },
  "ecs-benchmark/addRemove": {
    "devOps": 1432,
    "devRel": 0.03535278724139634,
    "perfOps": 9371,
    "perfRel": 0.23134844220609294
  },
  "ecs-packed/packed1": {
    "devOps": 6062,
    "devRel": 0.14965684096183282,
    "perfOps": 74484,
    "perfRel": 1.8388386905643608
  },
  "ecs-packed/packed5": {
    "devOps": 5906,
    "devRel": 0.1458055596701723,
    "perfOps": 71459,
    "perfRel": 1.7641583962869698
  },
  "ecs-packed/simpleIter": {
    "devOps": 1034,
    "devRel": 0.02552708240754456,
    "perfOps": 42832,
    "perfRel": 1.0574235915666814
  },
  "ecs-packed/fragIter": {
    "devOps": 11636,
    "devRel": 0.2872660840369328,
    "perfOps": 138662,
    "perfRel": 3.4232459388732535
  },
  "ecs-packed/entityCycle": {
    "devOps": 566,
    "devRel": 0.013973238532563078,
    "perfOps": 1920,
    "perfRel": 0.04740038512812916
  },
  "ecs-packed/addRemove": {
    "devOps": 1440,
    "devRel": 0.03555028884609687,
    "perfOps": 8411,
    "perfRel": 0.20764824964202835
  },
  "ecs-packed-elastic/packed1": {
    "devOps": 5781,
    "devRel": 0.1427195970967264,
    "perfOps": 48768,
    "perfRel": 1.2039697822544808
  },
  "ecs-packed-elastic/packed5": {
    "devOps": 5491,
    "devRel": 0.1355601639263319,
    "perfOps": 47813,
    "perfRel": 1.1803930281933541
  },
  "ecs-packed-elastic/simpleIter": {
    "devOps": 1024,
    "devRel": 0.02528020540166889,
    "perfOps": 24208,
    "perfRel": 0.5976398558238286
  },
  "ecs-packed-elastic/fragIter": {
    "devOps": 8491,
    "devRel": 0.20962326568903372,
    "perfOps": 91569,
    "perfRel": 2.2606280551029476
  },
  "ecs-packed-elastic/entityCycle": {
    "devOps": 551,
    "devRel": 0.013602923023749568,
    "perfOps": 1873,
    "perfRel": 0.046240063200513506
  },
  "ecs-packed-elastic/addRemove": {
    "devOps": 1426,
    "devRel": 0.035204661037870934,
    "perfOps": 8299,
    "perfRel": 0.20488322717622082
  }
}