{
  "baseline": {
    "devOps": 40140,
    "devRel": 1,
    "perfOps": 40140,
    "perfRel": 1
  },
  "ecs-benchmark/packed1": {
    "devOps": 6248,
    "devRel": 0.155655206776283,
    "perfOps": 115416,
    "perfRel": 2.875336322869955
  },
  "ecs-benchmark/packed5": {
    "devOps": 6165,
    "devRel": 0.15358744394618834,
    "perfOps": 109375,
    "perfRel": 2.724838066766318
  },
  "ecs-benchmark/simpleIter": {
    "devOps": 1001,
    "devRel": 0.024937717987045343,
    "perfOps": 60120,
    "perfRel": 1.4977578475336324
  },
  "ecs-benchmark/fragIter": {
    "devOps": 12016,
    "devRel": 0.29935226706527157,
    "perfOps": 208449,
    "perfRel": 5.19304932735426
  },
  "ecs-benchmark/entityCycle": {
    "devOps": 411,
    "devRel": 0.01023916292974589,
    "perfOps": 1811,
    "perfRel": 0.04511709018435476
  },
  "ecs-benchmark/addRemove": {
    "devOps": 1450,
    "devRel": 0.03612356751370204,
    "perfOps": 11844,
    "perfRel": 0.295067264573991
  },
  "ecs-packed/packed1": {
    "devOps": 5978,
    "devRel": 0.14892874937717987,
    "perfOps": 72654,
    "perfRel": 1.810014947683109
  },
  "ecs-packed/packed5": {
    "devOps": 5963,
    "devRel": 0.14855505729945193,
    "perfOps": 71765,
    "perfRel": 1.7878674638764325
  },
  "ecs-packed/simpleIter": {
    "devOps": 1072,
    "devRel": 0.026706527154957648,
    "perfOps": 42458,
    "perfRel": 1.0682064055148817
  },
  "ecs-packed/fragIter": {
    "devOps": 11625,
    "devRel": 0.28961136023916295,
    "perfOps": 138225,
    "perfRel": 3.443572496263079
  },
  "ecs-packed/entityCycle": {
    "devOps": 404,
    "devRel": 0.010064773293472846,
    "perfOps": 1732,
    "perfRel": 0.04314897857498754
  },
  "ecs-packed/addRemove": {
    "devOps": 1499,
    "devRel": 0.03734429496761335,
    "perfOps": 11709,
    "perfRel": 0.29170403587443944
  },
  "ecs-packed-elastic/packed1": {
    "devOps": 5905,
    "devRel": 0.14711011459890383,
    "perfOps": 48327,
    "perfRel": 1.2039611360239162
  },
  "ecs-packed-elastic/packed5": {
    "devOps": 5585,
    "devRel": 0.13913801694070752,
    "perfOps": 47224,
    "perfRel": 1.176482311908321
  },
  "ecs-packed-elastic/simpleIter": {
    "devOps": 1065,
    "devRel": 0.026532137518684603,
    "perfOps": 23922,
    "perfRel": 0.5959641255605381
  },
  "ecs-packed-elastic/fragIter": {
    "devOps": 8350,
    "devRel": 0.20802192326856003,
    "perfOps": 91368,
    "perfRel": 2.2762331838565024
  },
  "ecs-packed-elastic/entityCycle": {
    "devOps": 413,
    "devRel": 0.010288988540109616,
    "perfOps": 1669,
    "perfRel": 0.04157947184853014
  },
  "ecs-packed-elastic/addRemove": {
    "devOps": 1498,
    "devRel": 0.03731938216243149,
    "perfOps": 11090,
    "perfRel": 0.27628300946686596
  }
}
