{
  "baseline": {
    "devOps": 39698,
    "devRel": 1,
    "perfOps": 39698,
    "perfRel": 1
  },
  "ecs-benchmark/packed1": {
    "devOps": 19501,
    "devRel": 0.49123381530555693,
    "perfOps": 129335,
    "perfRel": 3.2579726938384805
  },
  "ecs-benchmark/packed5": {
    "devOps": 17708,
    "devRel": 0.4460678119804524,
    "perfOps": 117411,
    "perfRel": 2.9576049171242884
  },
  "ecs-benchmark/simpleIter": {
    "devOps": 4335,
    "devRel": 0.10919945589198449,
    "perfOps": 65715,
    "perfRel": 1.6553730666532318
  },
  "ecs-benchmark/fragIter": {
    "devOps": 37517,
    "devRel": 0.9450602045443095,
    "perfOps": 239241,
    "perfRel": 6.026525265756462
  },
  "ecs-benchmark/entityCycle": {
    "devOps": 436,
    "devRel": 0.010982921053957378,
    "perfOps": 2220,
    "perfRel": 0.05592221270592977
  },
  "ecs-benchmark/addRemove": {
    "devOps": 1578,
    "devRel": 0.039750113355836565,
    "perfOps": 14770,
    "perfRel": 0.372059045795758
  },
  "ecs-packed/packed1": {
    "devOps": 17774,
    "devRel": 0.44773036425008816,
    "perfOps": 79451,
    "perfRel": 2.0013854602246965
  },
  "ecs-packed/packed5": {
    "devOps": 16605,
    "devRel": 0.4182830369288125,
    "perfOps": 75788,
    "perfRel": 1.9091138092599123
  },
  "ecs-packed/simpleIter": {
    "devOps": 3053,
    "devRel": 0.07690563756360522,
    "perfOps": 46419,
    "perfRel": 1.1693032394579073
  },
  "ecs-packed/fragIter": {
    "devOps": 33812,
    "devRel": 0.8517305657715754,
    "perfOps": 151660,
    "perfRel": 3.820343594135725
  },
  "ecs-packed/entityCycle": {
    "devOps": 450,
    "devRel": 0.011335583656607386,
    "perfOps": 2092,
    "perfRel": 0.05269786891027256
  },
  "ecs-packed/addRemove": {
    "devOps": 1595,
    "devRel": 0.04017834651619729,
    "perfOps": 11915,
    "perfRel": 0.30014106504106003
  },
  "ecs-packed-elastic/packed1": {
    "devOps": 16377,
    "devRel": 0.4125396745427981,
    "perfOps": 48164,
    "perfRel": 1.2132601138596404
  },
  "ecs-packed-elastic/packed5": {
    "devOps": 15695,
    "devRel": 0.39535996775656207,
    "perfOps": 49263,
    "perfRel": 1.2409441281676659
  },
  "ecs-packed-elastic/simpleIter": {
    "devOps": 2956,
    "devRel": 0.07446218953095873,
    "perfOps": 24986,
    "perfRel": 0.6294019849866492
  },
  "ecs-packed-elastic/fragIter": {
    "devOps": 31914,
    "devRel": 0.8039195929265958,
    "perfOps": 98275,
    "perfRel": 2.4755655196735353
  },
  "ecs-packed-elastic/entityCycle": {
    "devOps": 457,
    "devRel": 0.01151191495793239,
    "perfOps": 2023,
    "perfRel": 0.05095974608292609
  },
  "ecs-packed-elastic/addRemove": {
    "devOps": 1419,
    "devRel": 0.035744873797168626,
    "perfOps": 11312,
    "perfRel": 0.2849513829412061
  }
}