{
  "baseline": {
    "devOps": 40693,
    "devRel": 1,
    "perfOps": 40693,
    "perfRel": 1
  },
  "ecs-benchmark/packed1": {
    "devOps": 6416,
    "devRel": 0.1576683950556607,
    "perfOps": 128610,
    "perfRel": 3.1604944339321257
  },
  "ecs-benchmark/packed5": {
    "devOps": 6321,
    "devRel": 0.1553338412011894,
    "perfOps": 116144,
    "perfRel": 2.854151819723294
  },
  "ecs-benchmark/simpleIter": {
    "devOps": 1046,
    "devRel": 0.02570466665028383,
    "perfOps": 63556,
    "perfRel": 1.5618411028923893
  },
  "ecs-benchmark/fragIter": {
    "devOps": 12255,
    "devRel": 0.30115744722679577,
    "perfOps": 239474,
    "perfRel": 5.884894207849015
  },
  "ecs-benchmark/entityCycle": {
    "devOps": 450,
    "devRel": 0.011058412994863981,
    "perfOps": 2332,
    "perfRel": 0.057307153564495124
  },
  "ecs-benchmark/addRemove": {
    "devOps": 1566,
    "devRel": 0.038483277222126654,
    "perfOps": 14882,
    "perfRel": 0.3657140048657017
  },
  "ecs-packed/packed1": {
    "devOps": 6246,
    "devRel": 0.15349077236871206,
    "perfOps": 78506,
    "perfRel": 1.9292261568328706
  },
  "ecs-packed/packed5": {
    "devOps": 6075,
    "devRel": 0.14928857543066376,
    "perfOps": 75650,
    "perfRel": 1.8590420956921339
  },
  "ecs-packed/simpleIter": {
    "devOps": 965,
    "devRel": 0.023714152311208315,
    "perfOps": 46016,
    "perfRel": 1.1308087386036911
  },
  "ecs-packed/fragIter": {
    "devOps": 11970,
    "devRel": 0.2941537856633819,
    "perfOps": 152211,
    "perfRel": 3.740471334136092
  },
  "ecs-packed/entityCycle": {
    "devOps": 440,
    "devRel": 0.010812670483867004,
    "perfOps": 2106,
    "perfRel": 0.051753372815963435
  },
  "ecs-packed/addRemove": {
    "devOps": 1498,
    "devRel": 0.036812228147347206,
    "perfOps": 11906,
    "perfRel": 0.29258103359300125
  },
  "ecs-packed-elastic/packed1": {
    "devOps": 6087,
    "devRel": 0.1495834664438601,
    "perfOps": 48050,
    "perfRel": 1.1807927653404762
  },
  "ecs-packed-elastic/packed5": {
    "devOps": 5695,
    "devRel": 0.1399503600127786,
    "perfOps": 49660,
    "perfRel": 1.2203573096109896
  },
  "ecs-packed-elastic/simpleIter": {
    "devOps": 1003,
    "devRel": 0.02464797385299683,
    "perfOps": 24113,
    "perfRel": 0.5925589167670116
  },
  "ecs-packed-elastic/fragIter": {
    "devOps": 11392,
    "devRel": 0.2799498685277566,
    "perfOps": 97400,
    "perfRel": 2.3935320571105594
  },
  "ecs-packed-elastic/entityCycle": {
    "devOps": 437,
    "devRel": 0.01073894773056791,
    "perfOps": 2019,
    "perfRel": 0.04961541297028973
  },
  "ecs-packed-elastic/addRemove": {
    "devOps": 1532,
    "devRel": 0.03764775268473693,
    "perfOps": 11254,
    "perfRel": 0.27655862187599833
  }
}